Iterations,Distance
1,2.908544511
2,2.514318454
3,2.234478641
4,2.014684191
5,1.781155307
6,1.621189827
7,1.484857109
8,1.344541832
9,1.239676533
10,1.008755689
11,0.86432459
12,0.714676182
13,0.607532893
14,0.496116275
15,0.395149496
16,0.347440173
17,0.331884176
18,0.326559969
19,0.3227578
20,0.319747093
21,0.317494204
22,0.296344908
23,0.287800063
24,0.280466099
25,0.280466099